Planet,Expedition,ExpeditionStart,ExpeditionTeam,TeamGruendung,TeamLeiter,TeamSpezialgebiet,Spezies,SpeziesEigenschaft,SpeziesNahrungsquelle,SpeziesTechnologiestufe,Allianz,AllianzGruendung,AllianzRessource,AllianzStrategie
Mars,Phoenix Discovery,2120,Red Explorers,2095,Dr. Zorin,Geologische Forschung auf felsigen Planeten,Ferroplasmiden,Magnetische Kontrolle,Eisenstaub,Fortgeschritten,Magnetik-Konsortium,2118,Magnetische Kristalle,Verborgene unterirdische Verstecke
Europa,Aurora Mission,2121,Blue Pioneers,2088,Prof. Laro,Analyse extraterrestrischer Atmosphären,Glyzerianer,Flüssiger Kreislauf,Kohlenstoffverbindungen,Fortgeschritten,Gesteinsbund,2130,Seltene Gesteine,Magnetische Störfelder
Ganymede,Nebula Quest,2122,Proxima Seekers,2101,Capt. Vora,Langstreckenkommunikation und interstellare Navigation,Polarnikanten,Kälteschlaf-Fähigkeit,Gletscherfische,Niedrig,Strahlenschutz-Allianz,2130,Energiequellen aus kosmischer Strahlung,Energiebarrieren
Mars,Prometheus Search,2123,Red Explorers,2095,Dr. Zorin,Geologische Forschung auf felsigen Planeten,Ferroplasmiden,Magnetische Kontrolle,Eisenstaub,Fortgeschritten,Magnetik-Konsortium,2118,Magnetische Kristalle,Verborgene unterirdische Verstecke
Proxima b,Celestial Voyage,2124,Proxima Seekers,2101,Capt. Vora,Langstreckenkommunikation und interstellare Navigation,Syleniden,Flügel und biolumineszente Haut,Photosynthese,Moderate,Strahlenschutz-Allianz,2130,Energiequellen aus kosmischer Strahlung,Energiebarrieren
Callisto,Pioneer Mission,2123,Titan Guardians,2105,Dr. Zenith,Überleben und Anpassung in extremen Kältebedingungen,Glazioner,Lebenszyklus im Eis,Subpolare Pilze,Niedrig,Lichtbringer-Allianz,2123,Biolumineszente Organismen,Lichtbasierte Tarntechnologien
Europa,Horizon Exploration,2124,Blue Pioneers,2088,Prof. Laro,Analyse extraterrestrischer Atmosphären,Glyzerianer,Flüssiger Kreislauf,Kohlenstoffverbindungen,Fortgeschritten,Gesteinsbund,2130,Seltene Gesteine,Magnetische Störfelder
Proxima b,Zenith Probe,2125,Proxima Seekers,2101,Capt. Vora,Langstreckenkommunikation und interstellare Navigation,Syleniden,Flügel und biolumineszente Haut,Photosynthese,Moderate,Strahlenschutz-Allianz,2130,Energiequellen aus kosmischer Strahlung,Energiebarrieren
Mars,Nebula Trek,2125,Red Explorers,2095,Dr. Zorin,Geologische Forschung auf felsigen Planeten,Ferroplasmiden,Magnetische Kontrolle,Eisenstaub,Fortgeschritten,Magnetik-Konsortium,2118,Magnetische Kristalle,Verborgene unterirdische Verstecke
Ganymede,Aurora Recon,2126,Proxima Seekers,2101,Capt. Vora,Langstreckenkommunikation und interstellare Navigation,Polarnikanten,Kälteschlaf-Fähigkeit,Gletscherfische,Niedrig,Strahlenschutz-Allianz,2130,Energiequellen aus kosmischer Strahlung,Energiebarrieren
Proxima b,Voyager Mission,2127,Blue Pioneers,2088,Prof. Laro,Analyse extraterrestrischer Atmosphären,Syleniden,Flügel und biolumineszente Haut,Photosynthese,Moderate,Strahlenschutz-Allianz,2130,Energiequellen aus kosmischer Strahlung,Energiebarrieren
Mars,Quantum Quest,2128,Red Explorers,2095,Dr. Zorin,Geologische Forschung auf felsigen Planeten,Ferroplasmiden,Magnetische Kontrolle,Eisenstaub,Fortgeschritten,Magnetik-Konsortium,2118,Magnetische Kristalle,Verborgene unterirdische Verstecke
Callisto,Borealis Expedition,2129,Blue Pioneers,2088,Prof. Laro,Analyse extraterrestrischer Atmosphären,Glazioner,Lebenszyklus im Eis,Subpolare Pilze,Niedrig,Lichtbringer-Allianz,2123,Biolumineszente Organismen,Lichtbasierte Tarntechnologien
Ganymede,Hyperion Journey,2130,Titan Guardians,2105,Dr. Zenith,Überleben und Anpassung in extremen Kältebedingungen,Polarnikanten,Kälteschlaf-Fähigkeit,Gletscherfische,Niedrig,Strahlenschutz-Allianz,2130,Energiequellen aus kosmischer Strahlung,Energiebarrieren
Mars,Andromeda Survey,2130,Red Explorers,2095,Dr. Zorin,Geologische Forschung auf felsigen Planeten,Ferroplasmiden,Magnetische Kontrolle,Eisenstaub,Fortgeschritten,Magnetik-Konsortium,2118,Magnetische Kristalle,Verborgene unterirdische Verstecke
Ganymede,Nimbus Search,2125,Blue Pioneers,2088,Prof. Laro,Analyse extraterrestrischer Atmosphären,Polarnikanten,Kälteschlaf-Fähigkeit,Gletscherfische,Niedrig,Strahlenschutz-Allianz,2130,Energiequellen aus kosmischer Strahlung,Energiebarrieren
Proxima b,Polaris Exploration,2126,Proxima Seekers,2101,Capt. Vora,Langstreckenkommunikation und interstellare Navigation,Syleniden,Flügel und biolumineszente Haut,Photosynthese,Moderate,Strahlenschutz-Allianz,2130,Energiequellen aus kosmischer Strahlung,Energiebarrieren
Europa,Horizon Trek,2127,Blue Pioneers,2088,Prof. Laro,Analyse extraterrestrischer Atmosphären,Glyzerianer,Flüssiger Kreislauf,Kohlenstoffverbindungen,Fortgeschritten,Gesteinsbund,2130,Seltene Gesteine,Magnetische Störfelder
Mars,Phoenix Voyage,2127,Red Explorers,2095,Dr. Zorin,Geologische Forschung auf felsigen Planeten,Ferroplasmiden,Magnetische Kontrolle,Eisenstaub,Fortgeschritten,Magnetik-Konsortium,2118,Magnetische Kristalle,Verborgene unterirdische Verstecke
Callisto,Stellar Expedition,2128,Titan Guardians,2105,Dr. Zenith,Überleben und Anpassung in extremen Kältebedingungen,Glazioner,Lebenszyklus im Eis,Subpolare Pilze,Niedrig,Lichtbringer-Allianz,2123,Biolumineszente Organismen,Lichtbasierte Tarntechnologien
Europa,Andromeda Exploration,2129,Blue Pioneers,2088,Prof. Laro,Analyse extraterrestrischer Atmosphären,Glyzerianer,Flüssiger Kreislauf,Kohlenstoffverbindungen,Fortgeschritten,Gesteinsbund,2130,Seltene Gesteine,Magnetische Störfelder
Mars,Comet Mission,2129,Red Explorers,2095,Dr. Zorin,Geologische Forschung auf felsigen Planeten,Ferroplasmiden,Magnetische Kontrolle,Eisenstaub,Fortgeschritten,Magnetik-Konsortium,2118,Magnetische Kristalle,Verborgene unterirdische Verstecke
Ganymede,Vortex Recon,2130,Proxima Seekers,2101,Capt. Vora,Langstreckenkommunikation und interstellare Navigation,Polarnikanten,Kälteschlaf-Fähigkeit,Gletscherfische,Niedrig,Strahlenschutz-Allianz,2130,Energiequellen aus kosmischer Strahlung,Energiebarrieren
Callisto,Celestial Trek,2120,Blue Pioneers,2088,Prof. Laro,Analyse extraterrestrischer Atmosphären,Glazioner,Lebenszyklus im Eis,Subpolare Pilze,Niedrig,Lichtbringer-Allianz,2123,Biolumineszente Organismen,Lichtbasierte Tarntechnologien
Proxima b,Sol Expedition,2122,Proxima Seekers,2101,Capt. Vora,Langstreckenkommunikation und interstellare Navigation,Syleniden,Flügel und biolumineszente Haut,Photosynthese,Moderate,Strahlenschutz-Allianz,2130,Energiequellen aus kosmischer Strahlung,Energiebarrieren
Mars,Eclipse Mission,2123,Titan Guardians,2105,Dr. Zenith,Überleben und Anpassung in extremen Kältebedingungen,Ferroplasmiden,Magnetische Kontrolle,Eisenstaub,Fortgeschritten,Magnetik-Konsortium,2118,Magnetische Kristalle,Verborgene unterirdische Verstecke
Callisto,Hyperion Search,2125,Red Explorers,2095,Dr. Zorin,Geologische Forschung auf felsigen Planeten,Glazioner,Lebenszyklus im Eis,Subpolare Pilze,Niedrig,Lichtbringer-Allianz,2123,Biolumineszente Organismen,Lichtbasierte Tarntechnologien
Europa,Aurora Mission,2121,Blue Pioneers,2088,Prof. Laro,Analyse extraterrestrischer Atmosphären,Aquafarer,Tiefseetauchen,Krill-ähnliche Kreaturen,Moderate,Plasmavanguard-Allianz,2128,Plasma-Kristalle,Felsen- und Unterwasserforts
Ganymede,Nebula Quest,2122,Proxima Seekers,2101,Capt. Vora,Langstreckenkommunikation und interstellare Navigation,Auroraviten,Leuchtende Haut,Energie aus Sternenlicht,Hoch,Lichtbringer-Allianz,2123,Biolumineszente Organismen,Lichtbasierte Tarntechnologien
Proxima b,Celestial Voyage,2124,Proxima Seekers,2101,Capt. Vora,Langstreckenkommunikation und interstellare Navigation,Lithovoren,Steinverdauung,Gestein und Mineralien,Niedrig,Plasmavanguard-Allianz,2128,Plasma-Kristalle,Felsen- und Unterwasserforts
Enceladus,Odyssey Survey,2123,Blue Pioneers,2088,Prof. Laro,Analyse extraterrestrischer Atmosphären,Hydrokroner,Schalldampfung,Hydrothermalbakterien,Niedrig,Strahlenschutz-Allianz,2130,Energiequellen aus kosmischer Strahlung,Energiebarrieren
Europa,Horizon Exploration,2124,Blue Pioneers,2088,Prof. Laro,Analyse extraterrestrischer Atmosphären,Aquafarer,Tiefseetauchen,Krill-ähnliche Kreaturen,Moderate,Plasmavanguard-Allianz,2128,Plasma-Kristalle,Felsen- und Unterwasserforts
Proxima b,Zenith Probe,2125,Proxima Seekers,2101,Capt. Vora,Langstreckenkommunikation und interstellare Navigation,Lithovoren,Steinverdauung,Gestein und Mineralien,Niedrig,Plasmavanguard-Allianz,2128,Plasma-Kristalle,Felsen- und Unterwasserforts
Enceladus,Atlas Survey,2126,Blue Pioneers,2088,Prof. Laro,Analyse extraterrestrischer Atmosphären,Hydrokroner,Schalldampfung,Hydrothermalbakterien,Niedrig,Strahlenschutz-Allianz,2130,Energiequellen aus kosmischer Strahlung,Energiebarrieren
Ganymede,Aurora Recon,2126,Proxima Seekers,2101,Capt. Vora,Langstreckenkommunikation und interstellare Navigation,Auroraviten,Leuchtende Haut,Energie aus Sternenlicht,Hoch,Lichtbringer-Allianz,2123,Biolumineszente Organismen,Lichtbasierte Tarntechnologien
Proxima b,Voyager Mission,2127,Blue Pioneers,2088,Prof. Laro,Analyse extraterrestrischer Atmosphären,Lithovoren,Steinverdauung,Gestein und Mineralien,Niedrig,Plasmavanguard-Allianz,2128,Plasma-Kristalle,Felsen- und Unterwasserforts
Enceladus,Eclipse Survey,2128,Proxima Seekers,2101,Capt. Vora,Langstreckenkommunikation und interstellare Navigation,Hydrokroner,Schalldampfung,Hydrothermalbakterien,Niedrig,Strahlenschutz-Allianz,2130,Energiequellen aus kosmischer Strahlung,Energiebarrieren
Ganymede,Hyperion Journey,2130,Titan Guardians,2105,Dr. Zenith,Überleben und Anpassung in extremen Kältebedingungen,Auroraviten,Leuchtende Haut,Energie aus Sternenlicht,Hoch,Lichtbringer-Allianz,2123,Biolumineszente Organismen,Lichtbasierte Tarntechnologien
Enceladus,Aether Quest,2124,Titan Guardians,2105,Dr. Zenith,Überleben und Anpassung in extremen Kältebedingungen,Hydrokroner,Schalldampfung,Hydrothermalbakterien,Niedrig,Strahlenschutz-Allianz,2130,Energiequellen aus kosmischer Strahlung,Energiebarrieren
Ganymede,Nimbus Search,2125,Blue Pioneers,2088,Prof. Laro,Analyse extraterrestrischer Atmosphären,Auroraviten,Leuchtende Haut,Energie aus Sternenlicht,Hoch,Lichtbringer-Allianz,2123,Biolumineszente Organismen,Lichtbasierte Tarntechnologien
Proxima b,Polaris Exploration,2126,Proxima Seekers,2101,Capt. Vora,Langstreckenkommunikation und interstellare Navigation,Lithovoren,Steinverdauung,Gestein und Mineralien,Niedrig,Plasmavanguard-Allianz,2128,Plasma-Kristalle,Felsen- und Unterwasserforts
Europa,Horizon Trek,2127,Blue Pioneers,2088,Prof. Laro,Analyse extraterrestrischer Atmosphären,Aquafarer,Tiefseetauchen,Krill-ähnliche Kreaturen,Moderate,Plasmavanguard-Allianz,2128,Plasma-Kristalle,Felsen- und Unterwasserforts
Europa,Andromeda Exploration,2129,Blue Pioneers,2088,Prof. Laro,Analyse extraterrestrischer Atmosphären,Aquafarer,Tiefseetauchen,Krill-ähnliche Kreaturen,Moderate,Plasmavanguard-Allianz,2128,Plasma-Kristalle,Felsen- und Unterwasserforts
Enceladus,Halo Survey,2130,Titan Guardians,2105,Dr. Zenith,Überleben und Anpassung in extremen Kältebedingungen,Hydrokroner,Schalldampfung,Hydrothermalbakterien,Niedrig,Strahlenschutz-Allianz,2130,Energiequellen aus kosmischer Strahlung,Energiebarrieren
Ganymede,Vortex Recon,2130,Proxima Seekers,2101,Capt. Vora,Langstreckenkommunikation und interstellare Navigation,Auroraviten,Leuchtende Haut,Energie aus Sternenlicht,Hoch,Lichtbringer-Allianz,2123,Biolumineszente Organismen,Lichtbasierte Tarntechnologien
Proxima b,Sol Expedition,2122,Proxima Seekers,2101,Capt. Vora,Langstreckenkommunikation und interstellare Navigation,Lithovoren,Steinverdauung,Gestein und Mineralien,Niedrig,Plasmavanguard-Allianz,2128,Plasma-Kristalle,Felsen- und Unterwasserforts
Enceladus,Borealis Recon,2124,Blue Pioneers,2088,Prof. Laro,Analyse extraterrestrischer Atmosphären,Hydrokroner,Schalldampfung,Hydrothermalbakterien,Niedrig,Strahlenschutz-Allianz,2130,Energiequellen aus kosmischer Strahlung,Energiebarrieren
Mars,Phoenix Discovery,2120,Red Explorers,2095,Dr. Zorin,Geologische Forschung auf felsigen Planeten,Ferroplasmiden,Magnetische Kontrolle,Eisenstaub,Fortgeschritten,Kristallwächter-Allianz,2125,Geothermische Kristalle,Schallschockwellen-Abwehrsysteme
Ganymede,Nebula Quest,2122,Proxima Seekers,2101,Capt. Vora,Langstreckenkommunikation und interstellare Navigation,Polarnikanten,Kälteschlaf-Fähigkeit,Gletscherfische,Niedrig,Hydroströme-Allianz,2117,Wasserstoffisotope,Hydrodynamische Schilde
Mars,Prometheus Search,2123,Red Explorers,2095,Dr. Zorin,Geologische Forschung auf felsigen Planeten,Ferroplasmiden,Magnetische Kontrolle,Eisenstaub,Fortgeschritten,Kristallwächter-Allianz,2125,Geothermische Kristalle,Schallschockwellen-Abwehrsysteme
Proxima b,Celestial Voyage,2124,Proxima Seekers,2101,Capt. Vora,Langstreckenkommunikation und interstellare Navigation,Syleniden,Flügel und biolumineszente Haut,Photosynthese,Moderate,Magnetik-Konsortium,2118,Magnetische Kristalle,Verborgene unterirdische Verstecke
Callisto,Pioneer Mission,2123,Titan Guardians,2105,Dr. Zenith,Überleben und Anpassung in extremen Kältebedingungen,Glazioner,Lebenszyklus im Eis,Subpolare Pilze,Niedrig,Tiefwasser-Allianz,2122,Subglaziale Gase,Kaltstrahlen-Technologie
Proxima b,Zenith Probe,2125,Proxima Seekers,2101,Capt. Vora,Langstreckenkommunikation und interstellare Navigation,Syleniden,Flügel und biolumineszente Haut,Photosynthese,Moderate,Magnetik-Konsortium,2118,Magnetische Kristalle,Verborgene unterirdische Verstecke
Mars,Nebula Trek,2125,Red Explorers,2095,Dr. Zorin,Geologische Forschung auf felsigen Planeten,Ferroplasmiden,Magnetische Kontrolle,Eisenstaub,Fortgeschritten,Kristallwächter-Allianz,2125,Geothermische Kristalle,Schallschockwellen-Abwehrsysteme
Ganymede,Aurora Recon,2126,Proxima Seekers,2101,Capt. Vora,Langstreckenkommunikation und interstellare Navigation,Polarnikanten,Kälteschlaf-Fähigkeit,Gletscherfische,Niedrig,Hydroströme-Allianz,2117,Wasserstoffisotope,Hydrodynamische Schilde
Proxima b,Voyager Mission,2127,Blue Pioneers,2088,Prof. Laro,Analyse extraterrestrischer Atmosphären,Syleniden,Flügel und biolumineszente Haut,Photosynthese,Moderate,Magnetik-Konsortium,2118,Magnetische Kristalle,Verborgene unterirdische Verstecke
Mars,Quantum Quest,2128,Red Explorers,2095,Dr. Zorin,Geologische Forschung auf felsigen Planeten,Ferroplasmiden,Magnetische Kontrolle,Eisenstaub,Fortgeschritten,Kristallwächter-Allianz,2125,Geothermische Kristalle,Schallschockwellen-Abwehrsysteme
Callisto,Borealis Expedition,2129,Blue Pioneers,2088,Prof. Laro,Analyse extraterrestrischer Atmosphären,Glazioner,Lebenszyklus im Eis,Subpolare Pilze,Niedrig,Tiefwasser-Allianz,2122,Subglaziale Gase,Kaltstrahlen-Technologie
Ganymede,Hyperion Journey,2130,Titan Guardians,2105,Dr. Zenith,Überleben und Anpassung in extremen Kältebedingungen,Polarnikanten,Kälteschlaf-Fähigkeit,Gletscherfische,Niedrig,Hydroströme-Allianz,2117,Wasserstoffisotope,Hydrodynamische Schilde
Mars,Andromeda Survey,2130,Red Explorers,2095,Dr. Zorin,Geologische Forschung auf felsigen Planeten,Ferroplasmiden,Magnetische Kontrolle,Eisenstaub,Fortgeschritten,Kristallwächter-Allianz,2125,Geothermische Kristalle,Schallschockwellen-Abwehrsysteme
Ganymede,Nimbus Search,2125,Blue Pioneers,2088,Prof. Laro,Analyse extraterrestrischer Atmosphären,Polarnikanten,Kälteschlaf-Fähigkeit,Gletscherfische,Niedrig,Hydroströme-Allianz,2117,Wasserstoffisotope,Hydrodynamische Schilde
Proxima b,Polaris Exploration,2126,Proxima Seekers,2101,Capt. Vora,Langstreckenkommunikation und interstellare Navigation,Syleniden,Flügel und biolumineszente Haut,Photosynthese,Moderate,Magnetik-Konsortium,2118,Magnetische Kristalle,Verborgene unterirdische Verstecke
Mars,Phoenix Voyage,2127,Red Explorers,2095,Dr. Zorin,Geologische Forschung auf felsigen Planeten,Ferroplasmiden,Magnetische Kontrolle,Eisenstaub,Fortgeschritten,Kristallwächter-Allianz,2125,Geothermische Kristalle,Schallschockwellen-Abwehrsysteme
Callisto,Stellar Expedition,2128,Titan Guardians,2105,Dr. Zenith,Überleben und Anpassung in extremen Kältebedingungen,Glazioner,Lebenszyklus im Eis,Subpolare Pilze,Niedrig,Tiefwasser-Allianz,2122,Subglaziale Gase,Kaltstrahlen-Technologie
Mars,Comet Mission,2129,Red Explorers,2095,Dr. Zorin,Geologische Forschung auf felsigen Planeten,Ferroplasmiden,Magnetische Kontrolle,Eisenstaub,Fortgeschritten,Kristallwächter-Allianz,2125,Geothermische Kristalle,Schallschockwellen-Abwehrsysteme
Ganymede,Vortex Recon,2130,Proxima Seekers,2101,Capt. Vora,Langstreckenkommunikation und interstellare Navigation,Polarnikanten,Kälteschlaf-Fähigkeit,Gletscherfische,Niedrig,Hydroströme-Allianz,2117,Wasserstoffisotope,Hydrodynamische Schilde
Callisto,Celestial Trek,2120,Blue Pioneers,2088,Prof. Laro,Analyse extraterrestrischer Atmosphären,Glazioner,Lebenszyklus im Eis,Subpolare Pilze,Niedrig,Tiefwasser-Allianz,2122,Subglaziale Gase,Kaltstrahlen-Technologie
Proxima b,Sol Expedition,2122,Proxima Seekers,2101,Capt. Vora,Langstreckenkommunikation und interstellare Navigation,Syleniden,Flügel und biolumineszente Haut,Photosynthese,Moderate,Magnetik-Konsortium,2118,Magnetische Kristalle,Verborgene unterirdische Verstecke
Mars,Eclipse Mission,2123,Titan Guardians,2105,Dr. Zenith,Überleben und Anpassung in extremen Kältebedingungen,Ferroplasmiden,Magnetische Kontrolle,Eisenstaub,Fortgeschritten,Kristallwächter-Allianz,2125,Geothermische Kristalle,Schallschockwellen-Abwehrsysteme
Callisto,Hyperion Search,2125,Red Explorers,2095,Dr. Zorin,Geologische Forschung auf felsigen Planeten,Glazioner,Lebenszyklus im Eis,Subpolare Pilze,Niedrig,Tiefwasser-Allianz,2122,Subglaziale Gase,Kaltstrahlen-Technologie
Europa,Aurora Mission,2121,Blue Pioneers,2088,Prof. Laro,Analyse extraterrestrischer Atmosphären,Aquafarer,Tiefseetauchen,Krill-ähnliche Kreaturen,Moderate,Hydroströme-Allianz,2117,Wasserstoffisotope,Hydrodynamische Schilde
Ganymede,Nebula Quest,2122,Proxima Seekers,2101,Capt. Vora,Langstreckenkommunikation und interstellare Navigation,Auroraviten,Leuchtende Haut,Energie aus Sternenlicht,Hoch,Lumen-Partnerschaft,2115,Elektromagnetische Kristalle,Schwarmbasierte Tarnung
Proxima b,Celestial Voyage,2124,Proxima Seekers,2101,Capt. Vora,Langstreckenkommunikation und interstellare Navigation,Lithovoren,Steinverdauung,Gestein und Mineralien,Niedrig,Magnetik-Konsortium,2118,Magnetische Kristalle,Verborgene unterirdische Verstecke
Enceladus,Odyssey Survey,2123,Blue Pioneers,2088,Prof. Laro,Analyse extraterrestrischer Atmosphären,Hydrokroner,Schalldampfung,Hydrothermalbakterien,Niedrig,Tiefwasser-Allianz,2122,Subglaziale Gase,Kaltstrahlen-Technologie
Europa,Horizon Exploration,2124,Blue Pioneers,2088,Prof. Laro,Analyse extraterrestrischer Atmosphären,Aquafarer,Tiefseetauchen,Krill-ähnliche Kreaturen,Moderate,Hydroströme-Allianz,2117,Wasserstoffisotope,Hydrodynamische Schilde
Proxima b,Zenith Probe,2125,Proxima Seekers,2101,Capt. Vora,Langstreckenkommunikation und interstellare Navigation,Lithovoren,Steinverdauung,Gestein und Mineralien,Niedrig,Magnetik-Konsortium,2118,Magnetische Kristalle,Verborgene unterirdische Verstecke
Enceladus,Atlas Survey,2126,Blue Pioneers,2088,Prof. Laro,Analyse extraterrestrischer Atmosphären,Hydrokroner,Schalldampfung,Hydrothermalbakterien,Niedrig,Tiefwasser-Allianz,2122,Subglaziale Gase,Kaltstrahlen-Technologie
Ganymede,Aurora Recon,2126,Proxima Seekers,2101,Capt. Vora,Langstreckenkommunikation und interstellare Navigation,Auroraviten,Leuchtende Haut,Energie aus Sternenlicht,Hoch,Lumen-Partnerschaft,2115,Elektromagnetische Kristalle,Schwarmbasierte Tarnung
Proxima b,Voyager Mission,2127,Blue Pioneers,2088,Prof. Laro,Analyse extraterrestrischer Atmosphären,Lithovoren,Steinverdauung,Gestein und Mineralien,Niedrig,Magnetik-Konsortium,2118,Magnetische Kristalle,Verborgene unterirdische Verstecke
Enceladus,Eclipse Survey,2128,Proxima Seekers,2101,Capt. Vora,Langstreckenkommunikation und interstellare Navigation,Hydrokroner,Schalldampfung,Hydrothermalbakterien,Niedrig,Tiefwasser-Allianz,2122,Subglaziale Gase,Kaltstrahlen-Technologie
Ganymede,Hyperion Journey,2130,Titan Guardians,2105,Dr. Zenith,Überleben und Anpassung in extremen Kältebedingungen,Auroraviten,Leuchtende Haut,Energie aus Sternenlicht,Hoch,Lumen-Partnerschaft,2115,Elektromagnetische Kristalle,Schwarmbasierte Tarnung
Enceladus,Aether Quest,2124,Titan Guardians,2105,Dr. Zenith,Überleben und Anpassung in extremen Kältebedingungen,Hydrokroner,Schalldampfung,Hydrothermalbakterien,Niedrig,Tiefwasser-Allianz,2122,Subglaziale Gase,Kaltstrahlen-Technologie
Ganymede,Nimbus Search,2125,Blue Pioneers,2088,Prof. Laro,Analyse extraterrestrischer Atmosphären,Auroraviten,Leuchtende Haut,Energie aus Sternenlicht,Hoch,Lumen-Partnerschaft,2115,Elektromagnetische Kristalle,Schwarmbasierte Tarnung
Proxima b,Polaris Exploration,2126,Proxima Seekers,2101,Capt. Vora,Langstreckenkommunikation und interstellare Navigation,Lithovoren,Steinverdauung,Gestein und Mineralien,Niedrig,Magnetik-Konsortium,2118,Magnetische Kristalle,Verborgene unterirdische Verstecke
Europa,Horizon Trek,2127,Blue Pioneers,2088,Prof. Laro,Analyse extraterrestrischer Atmosphären,Aquafarer,Tiefseetauchen,Krill-ähnliche Kreaturen,Moderate,Hydroströme-Allianz,2117,Wasserstoffisotope,Hydrodynamische Schilde
Europa,Andromeda Exploration,2129,Blue Pioneers,2088,Prof. Laro,Analyse extraterrestrischer Atmosphären,Aquafarer,Tiefseetauchen,Krill-ähnliche Kreaturen,Moderate,Hydroströme-Allianz,2117,Wasserstoffisotope,Hydrodynamische Schilde
Enceladus,Halo Survey,2130,Titan Guardians,2105,Dr. Zenith,Überleben und Anpassung in extremen Kältebedingungen,Hydrokroner,Schalldampfung,Hydrothermalbakterien,Niedrig,Tiefwasser-Allianz,2122,Subglaziale Gase,Kaltstrahlen-Technologie
Ganymede,Vortex Recon,2130,Proxima Seekers,2101,Capt. Vora,Langstreckenkommunikation und interstellare Navigation,Auroraviten,Leuchtende Haut,Energie aus Sternenlicht,Hoch,Lumen-Partnerschaft,2115,Elektromagnetische Kristalle,Schwarmbasierte Tarnung
Proxima b,Sol Expedition,2122,Proxima Seekers,2101,Capt. Vora,Langstreckenkommunikation und interstellare Navigation,Lithovoren,Steinverdauung,Gestein und Mineralien,Niedrig,Magnetik-Konsortium,2118,Magnetische Kristalle,Verborgene unterirdische Verstecke
Enceladus,Borealis Recon,2124,Blue Pioneers,2088,Prof. Laro,Analyse extraterrestrischer Atmosphären,Hydrokroner,Schalldampfung,Hydrothermalbakterien,Niedrig,Tiefwasser-Allianz,2122,Subglaziale Gase,Kaltstrahlen-Technologie
Ganymede,Nebula Quest,2122,Proxima Seekers,2101,Capt. Vora,Langstreckenkommunikation und interstellare Navigation,Polarnikanten,Kälteschlaf-Fähigkeit,Gletscherfische,Niedrig,Frostwacht-Allianz,2120,Eis-Mineralien,Eisbasierte Verteidigungsanlagen
Proxima b,Celestial Voyage,2124,Proxima Seekers,2101,Capt. Vora,Langstreckenkommunikation und interstellare Navigation,Syleniden,Flügel und biolumineszente Haut,Photosynthese,Moderate,Kristallwächter-Allianz,2125,Geothermische Kristalle,Schallschockwellen-Abwehrsysteme
Callisto,Pioneer Mission,2123,Titan Guardians,2105,Dr. Zenith,Überleben und Anpassung in extremen Kältebedingungen,Glazioner,Lebenszyklus im Eis,Subpolare Pilze,Niedrig,Frostwacht-Allianz,2120,Eis-Mineralien,Eisbasierte Verteidigungsanlagen
Proxima b,Zenith Probe,2125,Proxima Seekers,2101,Capt. Vora,Langstreckenkommunikation und interstellare Navigation,Syleniden,Flügel und biolumineszente Haut,Photosynthese,Moderate,Kristallwächter-Allianz,2125,Geothermische Kristalle,Schallschockwellen-Abwehrsysteme
Ganymede,Aurora Recon,2126,Proxima Seekers,2101,Capt. Vora,Langstreckenkommunikation und interstellare Navigation,Polarnikanten,Kälteschlaf-Fähigkeit,Gletscherfische,Niedrig,Frostwacht-Allianz,2120,Eis-Mineralien,Eisbasierte Verteidigungsanlagen
Proxima b,Voyager Mission,2127,Blue Pioneers,2088,Prof. Laro,Analyse extraterrestrischer Atmosphären,Syleniden,Flügel und biolumineszente Haut,Photosynthese,Moderate,Kristallwächter-Allianz,2125,Geothermische Kristalle,Schallschockwellen-Abwehrsysteme
Callisto,Borealis Expedition,2129,Blue Pioneers,2088,Prof. Laro,Analyse extraterrestrischer Atmosphären,Glazioner,Lebenszyklus im Eis,Subpolare Pilze,Niedrig,Frostwacht-Allianz,2120,Eis-Mineralien,Eisbasierte Verteidigungsanlagen
Ganymede,Hyperion Journey,2130,Titan Guardians,2105,Dr. Zenith,Überleben und Anpassung in extremen Kältebedingungen,Polarnikanten,Kälteschlaf-Fähigkeit,Gletscherfische,Niedrig,Frostwacht-Allianz,2120,Eis-Mineralien,Eisbasierte Verteidigungsanlagen
Ganymede,Nimbus Search,2125,Blue Pioneers,2088,Prof. Laro,Analyse extraterrestrischer Atmosphären,Polarnikanten,Kälteschlaf-Fähigkeit,Gletscherfische,Niedrig,Frostwacht-Allianz,2120,Eis-Mineralien,Eisbasierte Verteidigungsanlagen
Proxima b,Polaris Exploration,2126,Proxima Seekers,2101,Capt. Vora,Langstreckenkommunikation und interstellare Navigation,Syleniden,Flügel und biolumineszente Haut,Photosynthese,Moderate,Kristallwächter-Allianz,2125,Geothermische Kristalle,Schallschockwellen-Abwehrsysteme
Callisto,Stellar Expedition,2128,Titan Guardians,2105,Dr. Zenith,Überleben und Anpassung in extremen Kältebedingungen,Glazioner,Lebenszyklus im Eis,Subpolare Pilze,Niedrig,Frostwacht-Allianz,2120,Eis-Mineralien,Eisbasierte Verteidigungsanlagen
Ganymede,Vortex Recon,2130,Proxima Seekers,2101,Capt. Vora,Langstreckenkommunikation und interstellare Navigation,Polarnikanten,Kälteschlaf-Fähigkeit,Gletscherfische,Niedrig,Frostwacht-Allianz,2120,Eis-Mineralien,Eisbasierte Verteidigungsanlagen
Callisto,Celestial Trek,2120,Blue Pioneers,2088,Prof. Laro,Analyse extraterrestrischer Atmosphären,Glazioner,Lebenszyklus im Eis,Subpolare Pilze,Niedrig,Frostwacht-Allianz,2120,Eis-Mineralien,Eisbasierte Verteidigungsanlagen
Proxima b,Sol Expedition,2122,Proxima Seekers,2101,Capt. Vora,Langstreckenkommunikation und interstellare Navigation,Syleniden,Flügel und biolumineszente Haut,Photosynthese,Moderate,Kristallwächter-Allianz,2125,Geothermische Kristalle,Schallschockwellen-Abwehrsysteme
Callisto,Hyperion Search,2125,Red Explorers,2095,Dr. Zorin,Geologische Forschung auf felsigen Planeten,Glazioner,Lebenszyklus im Eis,Subpolare Pilze,Niedrig,Frostwacht-Allianz,2120,Eis-Mineralien,Eisbasierte Verteidigungsanlagen
Europa,Aurora Mission,2121,Blue Pioneers,2088,Prof. Laro,Analyse extraterrestrischer Atmosphären,Aquafarer,Tiefseetauchen,Krill-ähnliche Kreaturen,Moderate,Tiefwasser-Allianz,2122,Subglaziale Gase,Kaltstrahlen-Technologie
Proxima b,Celestial Voyage,2124,Proxima Seekers,2101,Capt. Vora,Langstreckenkommunikation und interstellare Navigation,Lithovoren,Steinverdauung,Gestein und Mineralien,Niedrig,Gesteinsbund,2130,Seltene Gesteine,Magnetische Störfelder
Enceladus,Odyssey Survey,2123,Blue Pioneers,2088,Prof. Laro,Analyse extraterrestrischer Atmosphären,Hydrokroner,Schalldampfung,Hydrothermalbakterien,Niedrig,Lumen-Partnerschaft,2115,Elektromagnetische Kristalle,Schwarmbasierte Tarnung
Europa,Horizon Exploration,2124,Blue Pioneers,2088,Prof. Laro,Analyse extraterrestrischer Atmosphären,Aquafarer,Tiefseetauchen,Krill-ähnliche Kreaturen,Moderate,Tiefwasser-Allianz,2122,Subglaziale Gase,Kaltstrahlen-Technologie
Proxima b,Zenith Probe,2125,Proxima Seekers,2101,Capt. Vora,Langstreckenkommunikation und interstellare Navigation,Lithovoren,Steinverdauung,Gestein und Mineralien,Niedrig,Gesteinsbund,2130,Seltene Gesteine,Magnetische Störfelder
Enceladus,Atlas Survey,2126,Blue Pioneers,2088,Prof. Laro,Analyse extraterrestrischer Atmosphären,Hydrokroner,Schalldampfung,Hydrothermalbakterien,Niedrig,Lumen-Partnerschaft,2115,Elektromagnetische Kristalle,Schwarmbasierte Tarnung
Proxima b,Voyager Mission,2127,Blue Pioneers,2088,Prof. Laro,Analyse extraterrestrischer Atmosphären,Lithovoren,Steinverdauung,Gestein und Mineralien,Niedrig,Gesteinsbund,2130,Seltene Gesteine,Magnetische Störfelder
Enceladus,Eclipse Survey,2128,Proxima Seekers,2101,Capt. Vora,Langstreckenkommunikation und interstellare Navigation,Hydrokroner,Schalldampfung,Hydrothermalbakterien,Niedrig,Lumen-Partnerschaft,2115,Elektromagnetische Kristalle,Schwarmbasierte Tarnung
Enceladus,Aether Quest,2124,Titan Guardians,2105,Dr. Zenith,Überleben und Anpassung in extremen Kältebedingungen,Hydrokroner,Schalldampfung,Hydrothermalbakterien,Niedrig,Lumen-Partnerschaft,2115,Elektromagnetische Kristalle,Schwarmbasierte Tarnung
Proxima b,Polaris Exploration,2126,Proxima Seekers,2101,Capt. Vora,Langstreckenkommunikation und interstellare Navigation,Lithovoren,Steinverdauung,Gestein und Mineralien,Niedrig,Gesteinsbund,2130,Seltene Gesteine,Magnetische Störfelder
Europa,Horizon Trek,2127,Blue Pioneers,2088,Prof. Laro,Analyse extraterrestrischer Atmosphären,Aquafarer,Tiefseetauchen,Krill-ähnliche Kreaturen,Moderate,Tiefwasser-Allianz,2122,Subglaziale Gase,Kaltstrahlen-Technologie
Europa,Andromeda Exploration,2129,Blue Pioneers,2088,Prof. Laro,Analyse extraterrestrischer Atmosphären,Aquafarer,Tiefseetauchen,Krill-ähnliche Kreaturen,Moderate,Tiefwasser-Allianz,2122,Subglaziale Gase,Kaltstrahlen-Technologie
Enceladus,Halo Survey,2130,Titan Guardians,2105,Dr. Zenith,Überleben und Anpassung in extremen Kältebedingungen,Hydrokroner,Schalldampfung,Hydrothermalbakterien,Niedrig,Lumen-Partnerschaft,2115,Elektromagnetische Kristalle,Schwarmbasierte Tarnung
Proxima b,Sol Expedition,2122,Proxima Seekers,2101,Capt. Vora,Langstreckenkommunikation und interstellare Navigation,Lithovoren,Steinverdauung,Gestein und Mineralien,Niedrig,Gesteinsbund,2130,Seltene Gesteine,Magnetische Störfelder
Enceladus,Borealis Recon,2124,Blue Pioneers,2088,Prof. Laro,Analyse extraterrestrischer Atmosphären,Hydrokroner,Schalldampfung,Hydrothermalbakterien,Niedrig,Lumen-Partnerschaft,2115,Elektromagnetische Kristalle,Schwarmbasierte Tarnung
Enceladus,Odyssey Survey,2123,Blue Pioneers,2088,Prof. Laro,Analyse extraterrestrischer Atmosphären,Hydrokroner,Schalldampfung,Hydrothermalbakterien,Niedrig,Frostwacht-Allianz,2120,Eis-Mineralien,Eisbasierte Verteidigungsanlagen
Enceladus,Atlas Survey,2126,Blue Pioneers,2088,Prof. Laro,Analyse extraterrestrischer Atmosphären,Hydrokroner,Schalldampfung,Hydrothermalbakterien,Niedrig,Frostwacht-Allianz,2120,Eis-Mineralien,Eisbasierte Verteidigungsanlagen
Enceladus,Eclipse Survey,2128,Proxima Seekers,2101,Capt. Vora,Langstreckenkommunikation und interstellare Navigation,Hydrokroner,Schalldampfung,Hydrothermalbakterien,Niedrig,Frostwacht-Allianz,2120,Eis-Mineralien,Eisbasierte Verteidigungsanlagen
Enceladus,Aether Quest,2124,Titan Guardians,2105,Dr. Zenith,Überleben und Anpassung in extremen Kältebedingungen,Hydrokroner,Schalldampfung,Hydrothermalbakterien,Niedrig,Frostwacht-Allianz,2120,Eis-Mineralien,Eisbasierte Verteidigungsanlagen
Enceladus,Halo Survey,2130,Titan Guardians,2105,Dr. Zenith,Überleben und Anpassung in extremen Kältebedingungen,Hydrokroner,Schalldampfung,Hydrothermalbakterien,Niedrig,Frostwacht-Allianz,2120,Eis-Mineralien,Eisbasierte Verteidigungsanlagen
Enceladus,Borealis Recon,2124,Blue Pioneers,2088,Prof. Laro,Analyse extraterrestrischer Atmosphären,Hydrokroner,Schalldampfung,Hydrothermalbakterien,Niedrig,Frostwacht-Allianz,2120,Eis-Mineralien,Eisbasierte Verteidigungsanlagen
Titan,Titan Survey,2121,Titan Guardians,2105,Dr. Zenith,Überleben und Anpassung in extremen Kältebedingungen,Obeliten,Steinformation zur Verteidigung,Fossile Gase,Niedrig,,,,
Titan,Alpha Recon,2122,Titan Guardians,2105,Dr. Zenith,Überleben und Anpassung in extremen Kältebedingungen,Obeliten,Steinformation zur Verteidigung,Fossile Gase,Niedrig,,,,
Enceladus,Odyssey Survey,2123,Blue Pioneers,2088,Prof. Laro,Analyse extraterrestrischer Atmosphären,Nivianer,Eiskristall-Hörner,Mikroalgen,Niedrig,,,,
Enceladus,Atlas Survey,2126,Blue Pioneers,2088,Prof. Laro,Analyse extraterrestrischer Atmosphären,Nivianer,Eiskristall-Hörner,Mikroalgen,Niedrig,,,,
Titan,Discovery Trek,2127,Titan Guardians,2105,Dr. Zenith,Überleben und Anpassung in extremen Kältebedingungen,Obeliten,Steinformation zur Verteidigung,Fossile Gase,Niedrig,,,,
Enceladus,Eclipse Survey,2128,Proxima Seekers,2101,Capt. Vora,Langstreckenkommunikation und interstellare Navigation,Nivianer,Eiskristall-Hörner,Mikroalgen,Niedrig,,,,
Titan,Titan Expedition,2130,Proxima Seekers,2101,Capt. Vora,Langstreckenkommunikation und interstellare Navigation,Obeliten,Steinformation zur Verteidigung,Fossile Gase,Niedrig,,,,
Enceladus,Aether Quest,2124,Titan Guardians,2105,Dr. Zenith,Überleben und Anpassung in extremen Kältebedingungen,Nivianer,Eiskristall-Hörner,Mikroalgen,Niedrig,,,,
Titan,Galaxy Quest,2128,Proxima Seekers,2101,Capt. Vora,Langstreckenkommunikation und interstellare Navigation,Obeliten,Steinformation zur Verteidigung,Fossile Gase,Niedrig,,,,
Enceladus,Halo Survey,2130,Titan Guardians,2105,Dr. Zenith,Überleben und Anpassung in extremen Kältebedingungen,Nivianer,Eiskristall-Hörner,Mikroalgen,Niedrig,,,,
Titan,Infinity Voyage,2121,Red Explorers,2095,Dr. Zorin,Geologische Forschung auf felsigen Planeten,Obeliten,Steinformation zur Verteidigung,Fossile Gase,Niedrig,,,,
Enceladus,Borealis Recon,2124,Blue Pioneers,2088,Prof. Laro,Analyse extraterrestrischer Atmosphären,Nivianer,Eiskristall-Hörner,Mikroalgen,Niedrig,,,,
Titan,Celestial Journey,2126,Proxima Seekers,2101,Capt. Vora,Langstreckenkommunikation und interstellare Navigation,Obeliten,Steinformation zur Verteidigung,Fossile Gase,Niedrig,,,,
Mars,Phoenix Discovery,2120,Red Explorers,2095,Dr. Zorin,Geologische Forschung auf felsigen Planeten,Marsianer,Extrem widerstandsfähig,Steinpilze,Niedrig,,,,
Mars,Prometheus Search,2123,Red Explorers,2095,Dr. Zorin,Geologische Forschung auf felsigen Planeten,Marsianer,Extrem widerstandsfähig,Steinpilze,Niedrig,,,,
Mars,Nebula Trek,2125,Red Explorers,2095,Dr. Zorin,Geologische Forschung auf felsigen Planeten,Marsianer,Extrem widerstandsfähig,Steinpilze,Niedrig,,,,
Mars,Quantum Quest,2128,Red Explorers,2095,Dr. Zorin,Geologische Forschung auf felsigen Planeten,Marsianer,Extrem widerstandsfähig,Steinpilze,Niedrig,,,,
Mars,Andromeda Survey,2130,Red Explorers,2095,Dr. Zorin,Geologische Forschung auf felsigen Planeten,Marsianer,Extrem widerstandsfähig,Steinpilze,Niedrig,,,,
Mars,Phoenix Voyage,2127,Red Explorers,2095,Dr. Zorin,Geologische Forschung auf felsigen Planeten,Marsianer,Extrem widerstandsfähig,Steinpilze,Niedrig,,,,
Mars,Comet Mission,2129,Red Explorers,2095,Dr. Zorin,Geologische Forschung auf felsigen Planeten,Marsianer,Extrem widerstandsfähig,Steinpilze,Niedrig,,,,
Mars,Eclipse Mission,2123,Titan Guardians,2105,Dr. Zenith,Überleben und Anpassung in extremen Kältebedingungen,Marsianer,Extrem widerstandsfähig,Steinpilze,Niedrig,,,,
Ganymede,Nebula Quest,2122,Proxima Seekers,2101,Capt. Vora,Langstreckenkommunikation und interstellare Navigation,Kryostralier,Telepathische Kommunikation,Subglaziale Mikroorganismen,Moderat,,,,
Ganymede,Aurora Recon,2126,Proxima Seekers,2101,Capt. Vora,Langstreckenkommunikation und interstellare Navigation,Kryostralier,Telepathische Kommunikation,Subglaziale Mikroorganismen,Moderat,,,,
Ganymede,Hyperion Journey,2130,Titan Guardians,2105,Dr. Zenith,Überleben und Anpassung in extremen Kältebedingungen,Kryostralier,Telepathische Kommunikation,Subglaziale Mikroorganismen,Moderat,,,,
Ganymede,Nimbus Search,2125,Blue Pioneers,2088,Prof. Laro,Analyse extraterrestrischer Atmosphären,Kryostralier,Telepathische Kommunikation,Subglaziale Mikroorganismen,Moderat,,,,
Ganymede,Vortex Recon,2130,Proxima Seekers,2101,Capt. Vora,Langstreckenkommunikation und interstellare Navigation,Kryostralier,Telepathische Kommunikation,Subglaziale Mikroorganismen,Moderat,,,,
